id,startDate,startTime,finishDate,finishTime,venue,city,address,event,jobName,shiftName,roleName,hours,shiftStatus,hourlyRate,estimatedPay,paidStatus,paymentDate,notes,parking,uniform,supervisor,createdFromOpportunityId,linkedOpportunityId,googleCalendarEventId,googleCalendarEventLink,googleCalendarAddedAt
csc-email-sofi-stadium-and-hollywood-park-karol-g-day1-production-2026-08-14-15-00,2026-08-14,15:00,2026-08-14,23:45,SoFi Stadium,Inglewood,3883 W Century Blvd,Karol G Day1 - Production,Karol G Day1 - Production,Roam Team,Security Guard,8.75,Done,19.50,177.94,Paid,2026-08-21,".
Sign in location: Sign in will be located in the South West Corner of the Red Zone. Look for the white staff tent in the South West corner of the parking lot.",,All black uniform,Syd (Sydney) - AD,,,216cv50evf0apkng89nj6u6020,https://www.google.com/calendar/event?eid=MjE2Y3Y1MGV2ZjBhcGtuZzg5bmo2dTYwMjAgZGF2aWRoYWxsc3Ryb20yQG0,2026-07-18T17:28:26.804Z
csc-email-sofi-stadium-and-hollywood-park-karol-g-day3-production-floorxstage-2026-08-16-15-00-2026-08-17-00-00,2026-08-16,15:00,2026-08-16,23:45,SoFi Stadium,Inglewood,3883 W Century Blvd,Karol G Day3 - Production,Karol G Day3 - Production,FloorXStage,Security Guard,8.75,Done,19.50,177.94,Paid,2026-08-28,Sign in location: Sign in will be located in the South West Corner of the Red Zone. Look for the white staff tent in the South West corner of the parking lot.,,All black uniform,Miguel,,,b203ihfi556lnvm47qfoce995s,https://www.google.com/calendar/event?eid=YjIwM2loZmk1NTZsbnZtNDdxZm9jZTk5NXMgZGF2aWRoYWxsc3Ryb20yQG0,2026-07-18T17:28:29.824Z
csc-email-sofi-stadium-and-hollywood-park-chargersvs49ers-sec-main-2026-08-20-15-00-2026-08-21-01-00,2026-08-20,15:00,2026-08-20,23:15,SoFi Stadium,Inglewood,3883 W Century Blvd,Chargers vs 49ers,ChargersVs49ers - Sec Main,Security Guard,Security Guard,8.25,Done,19.50,163.31,Paid,2026-08-28,Lvl 6 309 Cameras with Jeff and Country,,All black uniform,Mayra,,,4344ddk8j5f3fo6j317gvj1o9o,https://www.google.com/calendar/event?eid=NDM0NGRkazhqNWYzZm82ajMxN2d2ajFvOW8gZGF2aWRoYWxsc3Ryb20yQG0,2026-08-18T16:17:24.471Z
csc-email-the-kia-forum-dns-omar-courtz-north-hospitality-yk-2-fill-c-t-event-st-2026-08-21-18-00-2026-08-21-23-30,2026-08-21,18:00,2026-08-22,00:30,Kia Forum,Inglewood,"3900 W Manchester Blvd, Inglewood, CA 90305",Omar Courtz,Omar Courtz,North Hospitality,C&T Event Staff,6.50,Cancelled,19.50,0.00,Cancelled,,I cancelled because they extended the shift to 12:20 am and I had a SoFi shift4 1/2 hours later.,,Coat & Tie,,,,bruso0ru3nus5tadvc8rl7trkc,https://www.google.com/calendar/event?eid=YnJ1c28wcnUzbnVzNXRhZHZjOHJsN3Rya2MgZGF2aWRoYWxsc3Ryb20yQG0,2026-07-18T17:28:32.613Z
csc-custom-1790260137694-532929a9154628,2026-09-19,17:00,2026-09-19,23:45,Hollywood Bowl,Los Angeles,"Hollywood Bowl, 2301 N. HIGHLAND AVENUE","Squeeze W / Adam Ant, English Beat",,Security Guard - Main Call,Security Guard,6.75,Done,19.50,131.63,Unpaid,,,"NOTE: Parking will be stacked parking. There will be no option for early exits. If you are dismissed due to disciplinary action, you will be still be in stacked parking.",All black / white shirt,Michael (Mike),,,,,
csc-email-the-kia-forum-dns-robyn-n2-aifi-store-security-guard-2026-09-24-16-00-2026-09-24-23-30,2026-09-24,16:00,2026-09-24,23:30,Kia Forum,Inglewood,"3900 W Manchester Blvd, Inglewood, CA 90305",Robyn,Robyn - N2,AiFi Store,Security Guard,7.50,Cancelled,19.50,0.00,Cancelled,,Had to cancel Mom fell. At ER. Head with 2 staples.,,All black uniform,,,,5hcjc38d2gaev8p2eve7v8uglq,https://www.google.com/calendar/event?eid=NWhjamMzOGQyZ2FldjhwMmV2ZTd2OHVnbHEgZGF2aWRoYWxsc3Ryb20yQG0,2026-07-18T17:28:42.209Z
csc-email-sofi-stadium-and-hollywood-park-r-and-b-tourn1-sec-main-perimeter-work-2026-09-25-15-00-2026-09-26-00-00,2026-09-25,15:00,2026-09-26,00:00,SoFi Stadium,Inglewood,3883 W Century Blvd,RandB Tour,R and B Tour N1 - Production,FloorXStage,Security Guard 1,9.00,Scheduled,19.50,185.25,Unpaid,,Sign in location: Sign in will be located in the SW Corner of the Red Lot. Look for the white staff tent in the SW corner of the parking lot. Imported from Wish ESS Upcoming Schedules.,,All black uniform,,,,pvfghbcsjiblsvl77qcoerebeo,https://www.google.com/calendar/event?eid=cHZmZ2hiY3NqaWJsc3ZsNzdxY29lcmViZW8gZGF2aWRoYWxsc3Ryb20yQG0,2026-08-05T07:14:50.768Z
csc-email-sofi-stadium-and-hollywood-park-r-and-b-tourn2-sec-main-team-member-en-2026-09-26-13-00-2026-09-27-01-00,2026-09-26,11:00,2026-09-27,01:00,SoFi Stadium,Inglewood,3883 W Century Blvd,RandB Tour,R and B TourN2 - Sec Main,Team Member Entrance,Security Guard,14.00,Scheduled,19.50,351.00,Unpaid,,Sign in location: Sign in will be located in the SW Corner of the Red Lot. Look for the white staff tent in the SW corner of the parking lot. Imported from Wish ESS Upcoming Schedules.,,All black uniform,,,,r3172chun1boj16os667l14fbo,https://www.google.com/calendar/event?eid=cjMxNzJjaHVuMWJvajE2b3M2NjdsMTRmYm8gZGF2aWRoYWxsc3Ryb20yQG0,2026-08-05T07:14:49.128Z
csc-email-kia-forum-sin-bandera-arena-seating-event-staff-2026-09-27-18-00-2026-09-27-23-30,2026-09-27,18:00,2026-09-27,23:30,Kia Forum,Inglewood,"3900 W Manchester Blvd, Inglewood, CA 90305",2026 Sin Bandera,Sin Bandera,Arena Seating,Event Staff,5.50,Scheduled,19.50,107.25,Unpaid,,CSC shift email imported.,,All black uniform,,,,qr05u8fns03alftk85066r6h6s,https://www.google.com/calendar/event?eid=cXIwNXU4Zm5zMDNhbGZ0azg1MDY2cjZoNnMgZGF2aWRoYWxsc3Ryb20yQG0,2026-09-24T14:52:42.964Z
csc-email-sofi-stadium-and-hollywood-park-bruno-mars-day1-production-floorxstage-2026-09-30-15-00-2026-10-01-00-00,2026-09-30,15:00,2026-10-01,00:00,SoFi Stadium,Inglewood,3883 W Century Blvd,Bruno Mars,Bruno Mars Day1 - Production,FloorXStage,Security Guard,9.00,Scheduled,19.50,185.25,Unpaid,,Sign in location: Sign in will be located in the South West Corner of the Red Zone. Look for the white staff tent in the South West corner of the parking lot. Imported from Wish ESS Upcoming Schedules.,,All black uniform,,,,56u13a1f4grq7gf0f4f00vrbk8,https://www.google.com/calendar/event?eid=NTZ1MTNhMWY0Z3JxN2dmMGY0ZjAwdnJiazggZGF2aWRoYWxsc3Ryb20yQG0,2026-08-05T07:14:45.269Z
csc-email-sofi-stadium-bruno-mars-day2-production-floorxstage-security-guard-2026-10-02-15-00-2026-10-03-00-00,2026-10-02,15:00,2026-10-03,00:00,SoFi Stadium,Inglewood,3883 W Century Blvd,Bruno Mars,Bruno Mars Day2 - Production,FloorXStage,Security Guard,9.00,Scheduled,19.50,185.25,Unpaid,,Sign-in location: Sign in will be located in the South West Corner of the Red Zone. Look for the white staff tent in the South West corner of the parking lot. Imported from Wish ESS Upcoming Schedules.,,All black uniform,,,,qm019t06mc08tv9ju60nu1h6rg,https://www.google.com/calendar/event?eid=cW0wMTl0MDZtYzA4dHY5anU2MG51MWg2cmcgZGF2aWRoYWxsc3Ryb20yQG0,2026-09-01T04:59:08.552Z
csc-email-sofi-stadium-bruno-mars-day3-production-floorxstage-security-guard-2026-10-03-15-00-2026-10-04-00-00,2026-10-03,15:00,2026-10-04,00:00,SoFi Stadium,Inglewood,3883 W Century Blvd,Bruno Mars,Bruno Mars Day3 - Production,FloorXStage,Security Guard,9.00,Scheduled,19.50,185.25,Unpaid,,Sign-in location: Sign in will be located in the South West Corner of the Red Zone. Look for the white staff tent in the South West corner of the parking lot. Imported from Wish ESS Upcoming Schedules.,,All black uniform,,,,0cp5p6vp6ij99flv3lu9pq7t64,https://www.google.com/calendar/event?eid=MGNwNXA2dnA2aWo5OWZsdjNsdTlwcTd0NjQgZGF2aWRoYWxsc3Ryb20yQG0,2026-09-01T04:59:11.996Z
csc-email-sofi-stadium-bruno-mars-day4-production-floorxstage-security-guard-2026-10-06-15-00-2026-10-07-00-00,2026-10-06,15:00,2026-10-07,00:00,SoFi Stadium,Inglewood,3883 W Century Blvd,Bruno Mars,Bruno Mars Day4 - Production,FloorXStage,Security Guard,9.00,Scheduled,19.50,185.25,Unpaid,,Sign-in location: Sign in will be located in the South West Corner of the Red Zone. Look for the white staff tent in the South West corner of the parking lot. Imported from Wish ESS Upcoming Schedules.,,All black uniform,,,,0okekp1erkflrv3nc6uu5pintc,https://www.google.com/calendar/event?eid=MG9rZWtwMWVya2ZscnYzbmM2dXU1cGludGMgZGF2aWRoYWxsc3Ryb20yQG0,2026-09-01T04:59:13.594Z
csc-email-sofi-stadium-bruno-mars-day5-production-floorxstage-security-guard-2026-10-07-15-00-2026-10-08-00-00,2026-10-07,15:00,2026-10-08,00:00,SoFi Stadium,Inglewood,3883 W Century Blvd,Bruno Mars,Bruno Mars Day5 - Production,FloorXStage,Security Guard,9.00,Scheduled,19.50,185.25,Unpaid,,Sign-in location: Sign in will be located in the South West Corner of the Red Zone. Look for the white staff tent in the South West corner of the parking lot. Imported from Wish ESS Upcoming Schedules.,,All black uniform,,,,vu495guo49srrkfrj3g65v6iv0,https://www.google.com/calendar/event?eid=dnU0OTVndW80OXNycmtmcmozZzY1djZpdjAgZGF2aWRoYWxsc3Ryb20yQG0,2026-09-01T04:59:14.861Z
csc-email-the-kia-forum-dns-the-neighbourhood-aifi-store-security-guard-2026-10-09-17-00-2026-10-09-23-30,2026-10-09,17:00,2026-10-09,23:30,Kia Forum,Inglewood,"3900 W Manchester Blvd, Inglewood, CA 90305",The Neighbourhood,The Neighbourhood,AiFi Store,Security Guard,6.50,Scheduled,19.50,126.75,Unpaid,,Sign in location: NEXT TO THE BIG WHITE HOUSE ON THE SOUTHEAST CORNER OF THE PROPERTY. Imported from Wish ESS Upcoming Schedules.,,All black uniform,,,,2s9078kv792nb5hkcdkeb8nnhj,https://www.google.com/calendar/event?eid=MnM5MDc4a3Y3OTJuYjVoa2Nka2ViOG5uaGogZGF2aWRoYWxsc3Ryb20yQG0,2026-07-18T17:28:51.626Z
csc-email-the-kia-forum-dns-sombr-aifi-store-security-guard-2026-10-10-17-00-2026-10-10-23-30,2026-10-10,17:00,2026-10-10,23:30,Kia Forum,Inglewood,"3900 W Manchester Blvd, Inglewood, CA 90305",Sombr,Sombr,AiFi Store,Security Guard,6.50,Scheduled,19.50,126.75,Unpaid,,Sign in location: NEXT TO THE BIG WHITE HOUSE ON THE SOUTHEAST CORNER OF THE PROPERTY. Imported from Wish ESS Upcoming Schedules.,,All black uniform,,,,su3e28a525733v3rsnngssaqj8,https://www.google.com/calendar/event?eid=c3UzZTI4YTUyNTczM3YzcnNubmdzc2FxajggZGF2aWRoYWxsc3Ryb20yQG0,2026-07-18T17:28:52.734Z
csc-email-sofi-stadium-chargers-vs-broncos-sec-main-tunnels-security-guard-2026-10-11-09-30-2026-10-11-17-30,2026-10-11,09:30,2026-10-11,17:30,SoFi Stadium,Inglewood,3883 W Century Blvd,Chargers vs Broncos,Chargers vs Broncos - Sec Main,Tunnels,Security Guard,8.00,Scheduled,19.50,156.00,Unpaid,,Sign-in location: Sign in will be located in the South West Corner of the Red Zone. Look for the white staff tent in the South West corner of the parking lot. Imported from Wish ESS Upcoming Schedules.,,All black uniform,,,,ql5ood8qvtu6vjkq56l5o5a61k,https://www.google.com/calendar/event?eid=cWw1b29kOHF2dHU2dmprcTU2bDVvNWE2MWsgZGF2aWRoYWxsc3Ryb20yQG0,2026-09-01T04:59:18.229Z
csc-email-sofi-stadium-rams-vs-bills-sec-main-tunnels-tc-was-4-security-guard-2026-10-12-10-30-2026-10-12-22-00,2026-10-12,10:30,2026-10-12,22:00,SoFi Stadium,Inglewood,3883 W Century Blvd,Rams vs Bills,Rams vs Bills - Sec Main,Tunnels (Tc Was 4),Security Guard,11.50,Scheduled,19.50,258.38,Unpaid,,Sign-in location: Sign in will be located in the South West Corner of the Red Zone. Look for the white staff tent in the South West corner of the parking lot. Imported from Wish ESS Upcoming Schedules.,,All black uniform,,,,7c9f7nd5jotqsupu9u4cuh1rvc,https://www.google.com/calendar/event?eid=N2M5ZjduZDVqb3Rxc3VwdTl1NGN1aDFydmMgZGF2aWRoYWxsc3Ryb20yQG0,2026-09-01T05:01:57.243Z
csc-email-the-kia-forum-juanes-main-call-security-guard-1-2026-10-16-18-00-2026-10-16-23-59,2026-10-16,18:00,2026-10-16,23:59,Kia Forum,Inglewood,"3900 W Manchester Blvd, Inglewood, CA 90305",Juanes,Juanes,Main Call,Security Guard 1,5.98,Scheduled,19.50,116.61,Unpaid,,Sign in location: NEXT TO THE BIG WHITE HOUSE ON THE SOUTHEAST CORNER OF THE PROPERTY. Imported from Wish ESS Upcoming Schedules.,,All black uniform,,,,dke4nsbaqj811dt93kbkcv5i10,https://www.google.com/calendar/event?eid=ZGtlNG5zYmFxajgxMWR0OTNrYmtjdjVpMTAgZGF2aWRoYWxsc3Ryb20yQG0,2026-08-05T07:15:12.964Z
csc-email-the-kia-forum-dns-charli-xcx-n1-aifi-store-security-guard-2026-10-17-16-00-2026-10-17-23-30,2026-10-17,16:00,2026-10-17,23:30,Kia Forum,Inglewood,"3900 W Manchester Blvd, Inglewood, CA 90305",Charli Xcx,Charli Xcx N1,AiFi Store,Security Guard,7.50,Scheduled,19.50,146.25,Unpaid,,Sign in location: NEXT TO THE BIG WHITE HOUSE ON THE SOUTHEAST CORNER OF THE PROPERTY. Imported from Wish ESS Upcoming Schedules.,,All black uniform,,,,033ijtfkfm0mnflk3gitmcbl9g,https://www.google.com/calendar/event?eid=MDMzaWp0ZmtmbTBtbmZsazNnaXRtY2JsOWcgZGF2aWRoYWxsc3Ryb20yQG0,2026-07-18T17:28:55.488Z
csc-email-sofi-stadium-rams-vs-cardinals-sec-main-tunnels-tc-was-4-security-guar-2026-10-18-06-30-2026-10-18-18-00,2026-10-18,06:30,2026-10-18,18:00,SoFi Stadium,Inglewood,3883 W Century Blvd,Rams vs Cardinals,Rams vs Cardinals - Sec Main,Tunnels (Tc Was 4),Security Guard,11.50,Scheduled,19.50,258.38,Unpaid,,Sign-in location: Sign in will be located in the South West Corner of the Red Zone. Look for the white staff tent in the South West corner of the parking lot. Imported from Wish ESS Upcoming Schedules.,,All black uniform,,,,0nf0je54mp08k47oh90nkat9ak,https://www.google.com/calendar/event?eid=MG5mMGplNTRtcDA4azQ3b2g5MG5rYXQ5YWsgZGF2aWRoYWxsc3Ryb20yQG0,2026-09-01T05:01:53.729Z
csc-email-the-kia-forum-dns-monsta-x-aifi-store-security-guard-2026-10-20-17-00-2026-10-20-23-30,2026-10-20,17:00,2026-10-20,23:30,Kia Forum,Inglewood,"3900 W Manchester Blvd, Inglewood, CA 90305",Monsta X,Monsta X,AiFi Store,Security Guard,6.50,Scheduled,19.50,126.75,Unpaid,,Sign in location: NEXT TO THE BIG WHITE HOUSE ON THE SOUTHEAST CORNER OF THE PROPERTY. Imported from Wish ESS Upcoming Schedules.,,All black uniform,,,,1bldfks0lrumd890p4ldf3fiic,https://www.google.com/calendar/event?eid=MWJsZGZrczBscnVtZDg5MHA0bGRmM2ZpaWMgZGF2aWRoYWxsc3Ryb20yQG0,2026-07-18T17:28:59.121Z
csc-email-the-kia-forum-dns-beabadoobee-aifi-store-security-guard-2026-10-21-17-00-2026-10-21-23-30,2026-10-21,17:00,2026-10-21,23:30,Kia Forum,Inglewood,"3900 W Manchester Blvd, Inglewood, CA 90305",Beabadoobee,Beabadoobee,AiFi Store,Security Guard,6.50,Scheduled,19.50,126.75,Unpaid,,Sign in location: NEXT TO THE BIG WHITE HOUSE ON THE SOUTHEAST CORNER OF THE PROPERTY. Imported from Wish ESS Upcoming Schedules.,,All black uniform,,,,immb2uehufo232ip34tsivsp8g,https://www.google.com/calendar/event?eid=aW1tYjJ1ZWh1Zm8yMzJpcDM0dHNpdnNwOGcgZGF2aWRoYWxsc3Ryb20yQG0,2026-07-18T17:29:01.995Z
csc-email-the-kia-forum-dns-doja-cat-aifi-store-security-guard-2026-10-22-16-00-2026-10-22-23-30,2026-10-22,16:00,2026-10-22,23:30,Kia Forum,Inglewood,"3900 W Manchester Blvd, Inglewood, CA 90305",Doja Cat,Doja Cat,AiFi Store,Security Guard,7.50,Scheduled,19.50,146.25,Unpaid,,Sign in location: NEXT TO THE BIG WHITE HOUSE ON THE SOUTHEAST CORNER OF THE PROPERTY. Imported from Wish ESS Upcoming Schedules.,,All black uniform,,,,1u0mhe88dmdkervsgict2a0jc0,https://www.google.com/calendar/event?eid=MXUwbWhlODhkbWRrZXJ2c2dpY3QyYTBqYzAgZGF2aWRoYWxsc3Ryb20yQG0,2026-07-18T17:29:03.386Z
csc-email-sofi-stadium-jayz-30-production-floorxstage-security-guard-1-2026-10-23-15-00-2026-10-24-00-00,2026-10-23,15:00,2026-10-24,00:00,SoFi Stadium,Inglewood,3883 W Century Blvd,JayZ,Jayz 30 - Production,FloorXStage,Security Guard 1,9.00,Scheduled,19.50,185.25,Unpaid,,Sign-in location: Sign in will be located in the SW Corner of the Red Lot. Look for the white staff tent in the SW corner of the parking lot. Imported from Wish ESS Upcoming Schedules.,,All black uniform,,,,f4ungl0v8vb6j02bocolmuarv4,https://www.google.com/calendar/event?eid=ZjR1bmdsMHY4dmI2ajAyYm9jb2xtdWFydjQgZGF2aWRoYWxsc3Ryb20yQG0,2026-09-01T05:02:10.926Z
csc-email-sofi-stadium-jayz-30-n2-production-floorxstage-security-guard-1-2026-10-24-15-00-2026-10-25-00-00,2026-10-24,15:00,2026-10-25,00:00,SoFi Stadium,Inglewood,3883 W Century Blvd,JayZ,Jayz 30 N2 - Production,FloorXStage,Security Guard 1,9.00,Scheduled,19.50,185.25,Unpaid,,Sign-in location: Sign in will be located in the SW Corner of the Red Lot. Look for the white staff tent in the SW corner of the parking lot. Imported from Wish ESS Upcoming Schedules.,,All black uniform,,,,d7qugrp20furdrrsl5ei8do1vs,https://www.google.com/calendar/event?eid=ZDdxdWdycDIwZnVyZHJyc2w1ZWk4ZG8xdnMgZGF2aWRoYWxsc3Ryb20yQG0,2026-09-01T05:02:12.796Z
csc-email-los-angeles-memorial-coliseum-time-tbd-usc-vs-ohio-state-tc-gate-28-ea-2026-10-31-13-30-2026-10-31-21-00,2026-10-31,13:30,2026-10-31,21:00,Los Angeles Memorial Coliseum,Los Angeles,3911 S Figueroa St,Usc Football vs Sjsu 2026,Time Tbd - Usc vs Ohio State,Tc - Gate 28 - Early VIP,Security Guard,7.50,Scheduled,19.50,146.25,Unpaid,,Sign in location: located inside of Gate 18 on the Northwest corner of the LA Coliseum. Please note to arrive early and with as few items as possible. All bags must be left at sign in and cannot be taken to post. Imported from Wish ESS Upcoming Schedules.,"Safety First! Expect delays and allow yourself time to park and ride the shuttle to the CSC sign-in location. Please review all information below: Parking is in Parking Lot #46 The address to Parking Lot 46 is 449 W 28th St. Los Angeles, CA 90007 Google coordinates: 34°01'31.4""n 118°16'27.4""w Shuttles are available and are located outside of the parking structure, on 28th Street.",All black uniform,,,,v4prrvnkcb6nv9ibvllg4954bo,https://www.google.com/calendar/event?eid=djRwcnJ2bmtjYjZudjlpYnZsbGc0OTU0Ym8gZGF2aWRoYWxsc3Ryb20yQG0,2026-08-05T07:15:38.217Z